{
  "licenseListVersion": "3.24.0",
  "exceptions": [
    {
      "reference": "./389-exception.json",
      "isDeprecatedLicenseId": false,
      "detailsUrl": "./389-exception.html",
      "referenceNumber": 52,
      "name": "389 Directory Server Exception",
      "licenseExceptionId": "389-exception",
      "seeAlso": [
        "http://directory.fedoraproject.org/wiki/GPL_Exception_License_Text",
        "https://web.archive.org/web/20080828121337/http://directory.fedoraproject.org/wiki/GPL_Exception_License_Text"
      ]
    },
    {
      "reference": "./Asterisk-exception.json",
      "isDeprecatedLicenseId": false,
      "detailsUrl": "./Asterisk-exception.html",
      "referenceNumber": 39,
      "name": "Asterisk exception",
      "licenseExceptionId": "Asterisk-exception",
      "seeAlso": [
        "https://github.com/asterisk/libpri/blob/7f91151e6bd10957c746c031c1f4a030e8146e9a/pri.c#L22",
        "https://github.com/asterisk/libss7/blob/03e81bcd0d28ff25d4c77c78351ddadc82ff5c3f/ss7.c#L24"
      ]
    },
    {
      "reference": "./Asterisk-linking-protocols-exception.json",
      "isDeprecatedLicenseId": false,
      "detailsUrl": "./Asterisk-linking-protocols-exception.html",
      "referenceNumber": 24,
      "name": "Asterisk linking protocols exception",
      "licenseExceptionId": "Asterisk-linking-protocols-exception",
      "seeAlso": [
        "https://github.com/asterisk/asterisk/blob/115d7c01e32ccf4566a99e9d74e2b88830985a0b/LICENSE#L27"
      ]
    },
    {
      "reference": "./Autoconf-exception-2.0.json",
      "isDeprecatedLicenseId": false,
      "detailsUrl": "./Autoconf-exception-2.0.html",
      "referenceNumber": 60,
      "name": "Autoconf exception 2.0",
      "licenseExceptionId": "Autoconf-exception-2.0",
      "seeAlso": [
        "http://ac-archive.sourceforge.net/doc/copyright.html",
        "http://ftp.gnu.org/gnu/autoconf/autoconf-2.59.tar.gz"
      ]
    },
    {
      "reference": "./Autoconf-exception-3.0.json",
      "isDeprecatedLicenseId": false,
      "detailsUrl": "./Autoconf-exception-3.0.html",
      "referenceNumber": 42,
      "name": "Autoconf exception 3.0",
      "licenseExceptionId": "Autoconf-exception-3.0",
      "seeAlso": [
        "http://www.gnu.org/licenses/autoconf-exception-3.0.html"
      ]
    },
    {
      "reference": "./Autoconf-exception-generic.json",
      "isDeprecatedLicenseId": false,
      "detailsUrl": "./Autoconf-exception-generic.html",
      "referenceNumber": 70,
      "name": "Autoconf generic exception",
      "licenseExceptionId": "Autoconf-exception-generic",
      "seeAlso": [
        "https://launchpad.net/ubuntu/precise/+source/xmltooling/+copyright",
        "https://tracker.debian.org/media/packages/s/sipwitch/copyright-1.9.15-3",
        "https://opensource.apple.com/source/launchd/launchd-258.1/launchd/compile.auto.html",
        "https://git.savannah.gnu.org/gitweb/?p\u003dgnulib.git;a\u003dblob;f\u003dgnulib-tool;h\u003d029a8cf377ad8d8f2d9e54061bf2f20496ad2eef;hb\u003d73c74ba0197e6566da6882c87b1adee63e24d75c#l407"
      ]
    },
    {
      "reference": "./Autoconf-exception-generic-3.0.json",
      "isDeprecatedLicenseId": false,
      "detailsUrl": "./Autoconf-exception-generic-3.0.html",
      "referenceNumber": 44,
      "name": "Autoconf generic exception for GPL-3.0",
      "licenseExceptionId": "Autoconf-exception-generic-3.0",
      "seeAlso": [
        "https://src.fedoraproject.org/rpms/redhat-rpm-config/blob/rawhide/f/config.guess"
      ]
    },
    {
      "reference": "./Autoconf-exception-macro.json",
      "isDeprecatedLicenseId": false,
      "detailsUrl": "./Autoconf-exception-macro.html",
      "referenceNumber": 15,
      "name": "Autoconf macro exception",
      "licenseExceptionId": "Autoconf-exception-macro",
      "seeAlso": [
        "https://github.com/freedesktop/xorg-macros/blob/39f07f7db58ebbf3dcb64a2bf9098ed5cf3d1223/xorg-macros.m4.in",
        "https://www.gnu.org/software/autoconf-archive/ax_pthread.html",
        "https://launchpad.net/ubuntu/precise/+source/xmltooling/+copyright"
      ]
    },
    {
      "reference": "./Bison-exception-1.24.json",
      "isDeprecatedLicenseId": false,
      "detailsUrl": "./Bison-exception-1.24.html",
      "referenceNumber": 4,
      "name": "Bison exception 1.24",
      "licenseExceptionId": "Bison-exception-1.24",
      "seeAlso": [
        "https://github.com/arineng/rwhoisd/blob/master/rwhoisd/mkdb/y.tab.c#L180"
      ]
    },
    {
      "reference": "./Bison-exception-2.2.json",
      "isDeprecatedLicenseId": false,
      "detailsUrl": "./Bison-exception-2.2.html",
      "referenceNumber": 30,
      "name": "Bison exception 2.2",
      "licenseExceptionId": "Bison-exception-2.2",
      "seeAlso": [
        "http://git.savannah.gnu.org/cgit/bison.git/tree/data/yacc.c?id\u003d193d7c7054ba7197b0789e14965b739162319b5e#n141"
      ]
    },
    {
      "reference": "./Bootloader-exception.json",
      "isDeprecatedLicenseId": false,
      "detailsUrl": "./Bootloader-exception.html",
      "referenceNumber": 21,
      "name": "Bootloader Distribution Exception",
      "licenseExceptionId": "Bootloader-exception",
      "seeAlso": [
        "https://github.com/pyinstaller/pyinstaller/blob/develop/COPYING.txt"
      ]
    },
    {
      "reference": "./Classpath-exception-2.0.json",
      "isDeprecatedLicenseId": false,
      "detailsUrl": "./Classpath-exception-2.0.html",
      "referenceNumber": 11,
      "name": "Classpath exception 2.0",
      "licenseExceptionId": "Classpath-exception-2.0",
      "seeAlso": [
        "http://www.gnu.org/software/classpath/license.html",
        "https://fedoraproject.org/wiki/Licensing/GPL_Classpath_Exception"
      ]
    },
    {
      "reference": "./CLISP-exception-2.0.json",
      "isDeprecatedLicenseId": false,
      "detailsUrl": "./CLISP-exception-2.0.html",
      "referenceNumber": 49,
      "name": "CLISP exception 2.0",
      "licenseExceptionId": "CLISP-exception-2.0",
      "seeAlso": [
        "http://sourceforge.net/p/clisp/clisp/ci/default/tree/COPYRIGHT"
      ]
    },
    {
      "reference": "./cryptsetup-OpenSSL-exception.json",
      "isDeprecatedLicenseId": false,
      "detailsUrl": "./cryptsetup-OpenSSL-exception.html",
      "referenceNumber": 26,
      "name": "cryptsetup OpenSSL exception",
      "licenseExceptionId": "cryptsetup-OpenSSL-exception",
      "seeAlso": [
        "https://gitlab.com/cryptsetup/cryptsetup/-/blob/main/COPYING",
        "https://gitlab.nic.cz/datovka/datovka/-/blob/develop/COPYING",
        "https://github.com/nbs-system/naxsi/blob/951123ad456bdf5ac94e8d8819342fe3d49bc002/naxsi_src/naxsi_raw.c",
        "http://web.mit.edu/jgross/arch/amd64_deb60/bin/mosh",
        "https://sourceforge.net/p/linux-ima/ima-evm-utils/ci/master/tree/src/evmctl.c#l30"
      ]
    },
    {
      "reference": "./DigiRule-FOSS-exception.json",
      "isDeprecatedLicenseId": false,
      "detailsUrl": "./DigiRule-FOSS-exception.html",
      "referenceNumber": 16,
      "name": "DigiRule FOSS License Exception",
      "licenseExceptionId": "DigiRule-FOSS-exception",
      "seeAlso": [
        "http://www.digirulesolutions.com/drupal/foss"
      ]
    },
    {
      "reference": "./eCos-exception-2.0.json",
      "isDeprecatedLicenseId": false,
      "detailsUrl": "./eCos-exception-2.0.html",
      "referenceNumber": 45,
      "name": "eCos exception 2.0",
      "licenseExceptionId": "eCos-exception-2.0",
      "seeAlso": [
        "http://ecos.sourceware.org/license-overview.html"
      ]
    },
    {
      "reference": "./Fawkes-Runtime-exception.json",
      "isDeprecatedLicenseId": false,
      "detailsUrl": "./Fawkes-Runtime-exception.html",
      "referenceNumber": 31,
      "name": "Fawkes Runtime Exception",
      "licenseExceptionId": "Fawkes-Runtime-exception",
      "seeAlso": [
        "http://www.fawkesrobotics.org/about/license/"
      ]
    },
    {
      "reference": "./FLTK-exception.json",
      "isDeprecatedLicenseId": false,
      "detailsUrl": "./FLTK-exception.html",
      "referenceNumber": 59,
      "name": "FLTK exception",
      "licenseExceptionId": "FLTK-exception",
      "seeAlso": [
        "http://www.fltk.org/COPYING.php"
      ]
    },
    {
      "reference": "./fmt-exception.json",
      "isDeprecatedLicenseId": false,
      "detailsUrl": "./fmt-exception.html",
      "referenceNumber": 48,
      "name": "fmt exception",
      "licenseExceptionId": "fmt-exception",
      "seeAlso": [
        "https://github.com/fmtlib/fmt/blob/master/LICENSE",
        "https://github.com/fmtlib/fmt/blob/2eb363297b24cd71a68ccfb20ff755430f17e60f/LICENSE#L22C1-L27C62"
      ]
    },
    {
      "reference": "./Font-exception-2.0.json",
      "isDeprecatedLicenseId": false,
      "detailsUrl": "./Font-exception-2.0.html",
      "referenceNumber": 62,
      "name": "Font exception 2.0",
      "licenseExceptionId": "Font-exception-2.0",
      "seeAlso": [
        "http://www.gnu.org/licenses/gpl-faq.html#FontException"
      ]
    },
    {
      "reference": "./freertos-exception-2.0.json",
      "isDeprecatedLicenseId": false,
      "detailsUrl": "./freertos-exception-2.0.html",
      "referenceNumber": 14,
      "name": "FreeRTOS Exception 2.0",
      "licenseExceptionId": "freertos-exception-2.0",
      "seeAlso": [
        "https://web.archive.org/web/20060809182744/http://www.freertos.org/a00114.html"
      ]
    },
    {
      "reference": "./GCC-exception-2.0.json",
      "isDeprecatedLicenseId": false,
      "detailsUrl": "./GCC-exception-2.0.html",
      "referenceNumber": 29,
      "name": "GCC Runtime Library exception 2.0",
      "licenseExceptionId": "GCC-exception-2.0",
      "seeAlso": [
        "https://gcc.gnu.org/git/?p\u003dgcc.git;a\u003dblob;f\u003dgcc/libgcc1.c;h\u003d762f5143fc6eed57b6797c82710f3538aa52b40b;hb\u003dcb143a3ce4fb417c68f5fa2691a1b1b1053dfba9#l10",
        "https://sourceware.org/git/?p\u003dglibc.git;a\u003dblob;f\u003dcsu/abi-note.c;h\u003dc2ec208e94fbe91f63d3c375bd254b884695d190;hb\u003dHEAD"
      ]
    },
    {
      "reference": "./GCC-exception-2.0-note.json",
      "isDeprecatedLicenseId": false,
      "detailsUrl": "./GCC-exception-2.0-note.html",
      "referenceNumber": 1,
      "name": "GCC    Runtime Library exception 2.0 - note variant",
      "licenseExceptionId": "GCC-exception-2.0-note",
      "seeAlso": [
        "https://sourceware.org/git/?p\u003dglibc.git;a\u003dblob;f\u003dsysdeps/x86_64/start.S"
      ]
    },
    {
      "reference": "./GCC-exception-3.1.json",
      "isDeprecatedLicenseId": false,
      "detailsUrl": "./GCC-exception-3.1.html",
      "referenceNumber": 64,
      "name": "GCC Runtime Library exception 3.1",
      "licenseExceptionId": "GCC-exception-3.1",
      "seeAlso": [
        "http://www.gnu.org/licenses/gcc-exception-3.1.html"
      ]
    },
    {
      "reference": "./Gmsh-exception.json",
      "isDeprecatedLicenseId": false,
      "detailsUrl": "./Gmsh-exception.html",
      "referenceNumber": 25,
      "name": "Gmsh exception\u003e",
      "licenseExceptionId": "Gmsh-exception",
      "seeAlso": [
        "https://gitlab.onelab.info/gmsh/gmsh/-/raw/master/LICENSE.txt"
      ]
    },
    {
      "reference": "./GNAT-exception.json",
      "isDeprecatedLicenseId": false,
      "detailsUrl": "./GNAT-exception.html",
      "referenceNumber": 18,
      "name": "GNAT exception",
      "licenseExceptionId": "GNAT-exception",
      "seeAlso": [
        "https://github.com/AdaCore/florist/blob/master/libsrc/posix-configurable_file_limits.adb"
      ]
    },
    {
      "reference": "./GNOME-examples-exception.json",
      "isDeprecatedLicenseId": false,
      "detailsUrl": "./GNOME-examples-exception.html",
      "referenceNumber": 40,
      "name": "GNOME examples exception",
      "licenseExceptionId": "GNOME-examples-exception",
      "seeAlso": [
        "https://gitlab.gnome.org/Archive/gnome-devel-docs/-/blob/master/platform-demos/C/legal.xml?ref_type\u003dheads",
        "http://meldmerge.org/help/"
      ]
    },
    {
      "reference": "./GNU-compiler-exception.json",
      "isDeprecatedLicenseId": false,
      "detailsUrl": "./GNU-compiler-exception.html",
      "referenceNumber": 9,
      "name": "GNU Compiler Exception",
      "licenseExceptionId": "GNU-compiler-exception",
      "seeAlso": [
        "https://sourceware.org/git?p\u003dbinutils-gdb.git;a\u003dblob;f\u003dlibiberty/unlink-if-ordinary.c;h\u003de49f2f2f67bfdb10d6b2bd579b0e01cad0fd708e;hb\u003dHEAD#l19"
      ]
    },
    {
      "reference": "./gnu-javamail-exception.json",
      "isDeprecatedLicenseId": false,
      "detailsUrl": "./gnu-javamail-exception.html",
      "referenceNumber": 20,
      "name": "GNU JavaMail exception",
      "licenseExceptionId": "gnu-javamail-exception",
      "seeAlso": [
        "http://www.gnu.org/software/classpathx/javamail/javamail.html"
      ]
    },
    {
      "reference": "./GPL-3.0-interface-exception.json",
      "isDeprecatedLicenseId": false,
      "detailsUrl": "./GPL-3.0-interface-exception.html",
      "referenceNumber": 3,
      "name": "GPL-3.0 Interface Exception",
      "licenseExceptionId": "GPL-3.0-interface-exception",
      "seeAlso": [
        "https://www.gnu.org/licenses/gpl-faq.en.html#LinkingOverControlledInterface"
      ]
    },
    {
      "reference": "./GPL-3.0-linking-exception.json",
      "isDeprecatedLicenseId": false,
      "detailsUrl": "./GPL-3.0-linking-exception.html",
      "referenceNumber": 41,
      "name": "GPL-3.0 Linking Exception",
      "licenseExceptionId": "GPL-3.0-linking-exception",
      "seeAlso": [
        "https://www.gnu.org/licenses/gpl-faq.en.html#GPLIncompatibleLibs"
      ]
    },
    {
      "reference": "./GPL-3.0-linking-source-exception.json",
      "isDeprecatedLicenseId": false,
      "detailsUrl": "./GPL-3.0-linking-source-exception.html",
      "referenceNumber": 68,
      "name": "GPL-3.0 Linking Exception (with Corresponding Source)",
      "licenseExceptionId": "GPL-3.0-linking-source-exception",
      "seeAlso": [
        "https://www.gnu.org/licenses/gpl-faq.en.html#GPLIncompatibleLibs",
        "https://github.com/mirror/wget/blob/master/src/http.c#L20"
      ]
    },
    {
      "reference": "./GPL-CC-1.0.json",
      "isDeprecatedLicenseId": false,
      "detailsUrl": "./GPL-CC-1.0.html",
      "referenceNumber": 50,
      "name": "GPL Cooperation Commitment 1.0",
      "licenseExceptionId": "GPL-CC-1.0",
      "seeAlso": [
        "https://github.com/gplcc/gplcc/blob/master/Project/COMMITMENT",
        "https://gplcc.github.io/gplcc/Project/README-PROJECT.html"
      ]
    },
    {
      "reference": "./GStreamer-exception-2005.json",
      "isDeprecatedLicenseId": false,
      "detailsUrl": "./GStreamer-exception-2005.html",
      "referenceNumber": 61,
      "name": "GStreamer Exception (2005)",
      "licenseExceptionId": "GStreamer-exception-2005",
      "seeAlso": [
        "https://gstreamer.freedesktop.org/documentation/frequently-asked-questions/licensing.html?gi-language\u003dc#licensing-of-applications-using-gstreamer"
      ]
    },
    {
      "reference": "./GStreamer-exception-2008.json",
      "isDeprecatedLicenseId": false,
      "detailsUrl": "./GStreamer-exception-2008.html",
      "referenceNumber": 10,
      "name": "GStreamer Exception (2008)",
      "licenseExceptionId": "GStreamer-exception-2008",
      "seeAlso": [
        "https://gstreamer.freedesktop.org/documentation/frequently-asked-questions/licensing.html?gi-language\u003dc#licensing-of-applications-using-gstreamer"
      ]
    },
    {
      "reference": "./i2p-gpl-java-exception.json",
      "isDeprecatedLicenseId": false,
      "detailsUrl": "./i2p-gpl-java-exception.html",
      "referenceNumber": 13,
      "name": "i2p GPL+Java Exception",
      "licenseExceptionId": "i2p-gpl-java-exception",
      "seeAlso": [
        "http://geti2p.net/en/get-involved/develop/licenses#java_exception"
      ]
    },
    {
      "reference": "./KiCad-libraries-exception.json",
      "isDeprecatedLicenseId": false,
      "detailsUrl": "./KiCad-libraries-exception.html",
      "referenceNumber": 8,
      "name": "KiCad Libraries Exception",
      "licenseExceptionId": "KiCad-libraries-exception",
      "seeAlso": [
        "https://www.kicad.org/libraries/license/"
      ]
    },
    {
      "reference": "./LGPL-3.0-linking-exception.json",
      "isDeprecatedLicenseId": false,
      "detailsUrl": "./LGPL-3.0-linking-exception.html",
      "referenceNumber": 7,
      "name": "LGPL-3.0 Linking Exception",
      "licenseExceptionId": "LGPL-3.0-linking-exception",
      "seeAlso": [
        "https://raw.githubusercontent.com/go-xmlpath/xmlpath/v2/LICENSE",
        "https://github.com/goamz/goamz/blob/master/LICENSE",
        "https://github.com/juju/errors/blob/master/LICENSE"
      ]
    },
    {
      "reference": "./libpri-OpenH323-exception.json",
      "isDeprecatedLicenseId": false,
      "detailsUrl": "./libpri-OpenH323-exception.html",
      "referenceNumber": 5,
      "name": "libpri OpenH323 exception",
      "licenseExceptionId": "libpri-OpenH323-exception",
      "seeAlso": [
        "https://github.com/asterisk/libpri/blob/1.6.0/README#L19-L22"
      ]
    },
    {
      "reference": "./Libtool-exception.json",
      "isDeprecatedLicenseId": false,
      "detailsUrl": "./Libtool-exception.html",
      "referenceNumber": 63,
      "name": "Libtool Exception",
      "licenseExceptionId": "Libtool-exception",
      "seeAlso": [
        "http://git.savannah.gnu.org/cgit/libtool.git/tree/m4/libtool.m4",
        "https://git.savannah.gnu.org/cgit/libtool.git/tree/libltdl/lt__alloc.c#n15"
      ]
    },
    {
      "reference": "./Linux-syscall-note.json",
      "isDeprecatedLicenseId": false,
      "detailsUrl": "./Linux-syscall-note.html",
      "referenceNumber": 54,
      "name": "Linux Syscall Note",
      "licenseExceptionId": "Linux-syscall-note",
      "seeAlso": [
        "https://git.kernel.org/pub/scm/linux/kernel/git/torvalds/linux.git/tree/COPYING"
      ]
    },
    {
      "reference": "./LLGPL.json",
      "isDeprecatedLicenseId": false,
      "detailsUrl": "./LLGPL.html",
      "referenceNumber": 19,
      "name": "LLGPL Preamble",
      "licenseExceptionId": "LLGPL",
      "seeAlso": [
        "http://opensource.franz.com/preamble.html"
      ]
    },
    {
      "reference": "./LLVM-exception.json",
      "isDeprecatedLicenseId": false,
      "detailsUrl": "./LLVM-exception.html",
      "referenceNumber": 57,
      "name": "LLVM Exception",
      "licenseExceptionId": "LLVM-exception",
      "seeAlso": [
        "http://llvm.org/foundation/relicensing/LICENSE.txt"
      ]
    },
    {
      "reference": "./LZMA-exception.json",
      "isDeprecatedLicenseId": false,
      "detailsUrl": "./LZMA-exception.html",
      "referenceNumber": 2,
      "name": "LZMA exception",
      "licenseExceptionId": "LZMA-exception",
      "seeAlso": [
        "http://nsis.sourceforge.net/Docs/AppendixI.html#I.6"
      ]
    },
    {
      "reference": "./mif-exception.json",
      "isDeprecatedLicenseId": false,
      "detailsUrl": "./mif-exception.html",
      "referenceNumber": 6,
      "name": "Macros and Inline Functions Exception",
      "licenseExceptionId": "mif-exception",
      "seeAlso": [
        "http://www.scs.stanford.edu/histar/src/lib/cppsup/exception",
        "http://dev.bertos.org/doxygen/",
        "https://www.threadingbuildingblocks.org/licensing"
      ]
    },
    {
      "reference": "./Nokia-Qt-exception-1.1.json",
      "isDeprecatedLicenseId": true,
      "detailsUrl": "./Nokia-Qt-exception-1.1.html",
      "referenceNumber": 51,
      "name": "Nokia Qt LGPL exception 1.1",
      "licenseExceptionId": "Nokia-Qt-exception-1.1",
      "seeAlso": [
        "https://www.keepassx.org/dev/projects/keepassx/repository/revisions/b8dfb9cc4d5133e0f09cd7533d15a4f1c19a40f2/entry/LICENSE.NOKIA-LGPL-EXCEPTION"
      ]
    },
    {
      "reference": "./OCaml-LGPL-linking-exception.json",
      "isDeprecatedLicenseId": false,
      "detailsUrl": "./OCaml-LGPL-linking-exception.html",
      "referenceNumber": 43,
      "name": "OCaml LGPL Linking Exception",
      "licenseExceptionId": "OCaml-LGPL-linking-exception",
      "seeAlso": [
        "https://caml.inria.fr/ocaml/license.en.html"
      ]
    },
    {
      "reference": "./OCCT-exception-1.0.json",
      "isDeprecatedLicenseId": false,
      "detailsUrl": "./OCCT-exception-1.0.html",
      "referenceNumber": 56,
      "name": "Open CASCADE Exception 1.0",
      "licenseExceptionId": "OCCT-exception-1.0",
      "seeAlso": [
        "http://www.opencascade.com/content/licensing"
      ]
    },
    {
      "reference": "./OpenJDK-assembly-exception-1.0.json",
      "isDeprecatedLicenseId": false,
      "detailsUrl": "./OpenJDK-assembly-exception-1.0.html",
      "referenceNumber": 35,
      "name": "OpenJDK Assembly exception 1.0",
      "licenseExceptionId": "OpenJDK-assembly-exception-1.0",
      "seeAlso": [
        "http://openjdk.java.net/legal/assembly-exception.html"
      ]
    },
    {
      "reference": "./openvpn-openssl-exception.json",
      "isDeprecatedLicenseId": false,
      "detailsUrl": "./openvpn-openssl-exception.html",
      "referenceNumber": 55,
      "name": "OpenVPN OpenSSL Exception",
      "licenseExceptionId": "openvpn-openssl-exception",
      "seeAlso": [
        "http://openvpn.net/index.php/license.html",
        "https://github.com/psycopg/psycopg2/blob/2_9_3/LICENSE#L14"
      ]
    },
    {
      "reference": "./PCRE2-exception.json",
      "isDeprecatedLicenseId": false,
      "detailsUrl": "./PCRE2-exception.html",
      "referenceNumber": 27,
      "name": "PCRE2 exception",
      "licenseExceptionId": "PCRE2-exception",
      "seeAlso": [
        "https://www.pcre.org/licence.txt"
      ]
    },
    {
      "reference": "./PS-or-PDF-font-exception-20170817.json",
      "isDeprecatedLicenseId": false,
      "detailsUrl": "./PS-or-PDF-font-exception-20170817.html",
      "referenceNumber": 67,
      "name": "PS/PDF font exception (2017-08-17)",
      "licenseExceptionId": "PS-or-PDF-font-exception-20170817",
      "seeAlso": [
        "https://github.com/ArtifexSoftware/urw-base35-fonts/blob/65962e27febc3883a17e651cdb23e783668c996f/LICENSE"
      ]
    },
    {
      "reference": "./QPL-1.0-INRIA-2004-exception.json",
      "isDeprecatedLicenseId": false,
      "detailsUrl": "./QPL-1.0-INRIA-2004-exception.html",
      "referenceNumber": 47,
      "name": "INRIA QPL 1.0 2004 variant exception",
      "licenseExceptionId": "QPL-1.0-INRIA-2004-exception",
      "seeAlso": [
        "https://git.frama-c.com/pub/frama-c/-/blob/master/licenses/Q_MODIFIED_LICENSE",
        "https://github.com/maranget/hevea/blob/master/LICENSE"
      ]
    },
    {
      "reference": "./Qt-GPL-exception-1.0.json",
      "isDeprecatedLicenseId": false,
      "detailsUrl": "./Qt-GPL-exception-1.0.html",
      "referenceNumber": 46,
      "name": "Qt GPL exception 1.0",
      "licenseExceptionId": "Qt-GPL-exception-1.0",
      "seeAlso": [
        "http://code.qt.io/cgit/qt/qtbase.git/tree/LICENSE.GPL3-EXCEPT"
      ]
    },
    {
      "reference": "./Qt-LGPL-exception-1.1.json",
      "isDeprecatedLicenseId": false,
      "detailsUrl": "./Qt-LGPL-exception-1.1.html",
      "referenceNumber": 65,
      "name": "Qt LGPL exception 1.1",
      "licenseExceptionId": "Qt-LGPL-exception-1.1",
      "seeAlso": [
        "http://code.qt.io/cgit/qt/qtbase.git/tree/LGPL_EXCEPTION.txt"
      ]
    },
    {
      "reference": "./Qwt-exception-1.0.json",
      "isDeprecatedLicenseId": false,
      "detailsUrl": "./Qwt-exception-1.0.html",
      "referenceNumber": 58,
      "name": "Qwt exception 1.0",
      "licenseExceptionId": "Qwt-exception-1.0",
      "seeAlso": [
        "http://qwt.sourceforge.net/qwtlicense.html"
      ]
    },
    {
      "reference": "./RRDtool-FLOSS-exception-2.0.json",
      "isDeprecatedLicenseId": false,
      "detailsUrl": "./RRDtool-FLOSS-exception-2.0.html",
      "referenceNumber": 22,
      "name": "RRDtool FLOSS exception 2.0",
      "licenseExceptionId": "RRDtool-FLOSS-exception-2.0",
      "seeAlso": [
        "https://github.com/oetiker/rrdtool-1.x/blob/master/COPYRIGHT#L25-L90",
        "https://oss.oetiker.ch/rrdtool/license.en.html"
      ]
    },
    {
      "reference": "./SANE-exception.json",
      "isDeprecatedLicenseId": false,
      "detailsUrl": "./SANE-exception.html",
      "referenceNumber": 12,
      "name": "SANE Exception",
      "licenseExceptionId": "SANE-exception",
      "seeAlso": [
        "https://github.com/alexpevzner/sane-airscan/blob/master/LICENSE",
        "https://gitlab.com/sane-project/backends/-/blob/master/sanei/sanei_pp.c?ref_type\u003dheads",
        "https://gitlab.com/sane-project/frontends/-/blob/master/sanei/sanei_codec_ascii.c?ref_type\u003dheads"
      ]
    },
    {
      "reference": "./SHL-2.0.json",
      "isDeprecatedLicenseId": false,
      "detailsUrl": "./SHL-2.0.html",
      "referenceNumber": 17,
      "name": "Solderpad Hardware License v2.0",
      "licenseExceptionId": "SHL-2.0",
      "seeAlso": [
        "https://solderpad.org/licenses/SHL-2.0/"
      ]
    },
    {
      "reference": "./SHL-2.1.json",
      "isDeprecatedLicenseId": false,
      "detailsUrl": "./SHL-2.1.html",
      "referenceNumber": 32,
      "name": "Solderpad Hardware License v2.1",
      "licenseExceptionId": "SHL-2.1",
      "seeAlso": [
        "https://solderpad.org/licenses/SHL-2.1/"
      ]
    },
    {
      "reference": "./stunnel-exception.json",
      "isDeprecatedLicenseId": false,
      "detailsUrl": "./stunnel-exception.html",
      "referenceNumber": 66,
      "name": "stunnel Exception",
      "licenseExceptionId": "stunnel-exception",
      "seeAlso": [
        "https://github.com/mtrojnar/stunnel/blob/master/COPYING.md"
      ]
    },
    {
      "reference": "./SWI-exception.json",
      "isDeprecatedLicenseId": false,
      "detailsUrl": "./SWI-exception.html",
      "referenceNumber": 36,
      "name": "SWI exception",
      "licenseExceptionId": "SWI-exception",
      "seeAlso": [
        "https://github.com/SWI-Prolog/packages-clpqr/blob/bfa80b9270274f0800120d5b8e6fef42ac2dc6a5/clpqr/class.pl"
      ]
    },
    {
      "reference": "./Swift-exception.json",
      "isDeprecatedLicenseId": false,
      "detailsUrl": "./Swift-exception.html",
      "referenceNumber": 37,
      "name": "Swift Exception",
      "licenseExceptionId": "Swift-exception",
      "seeAlso": [
        "https://swift.org/LICENSE.txt",
        "https://github.com/apple/swift-package-manager/blob/7ab2275f447a5eb37497ed63a9340f8a6d1e488b/LICENSE.txt#L205"
      ]
    },
    {
      "reference": "./Texinfo-exception.json",
      "isDeprecatedLicenseId": false,
      "detailsUrl": "./Texinfo-exception.html",
      "referenceNumber": 23,
      "name": "Texinfo exception",
      "licenseExceptionId": "Texinfo-exception",
      "seeAlso": [
        "https://git.savannah.gnu.org/cgit/automake.git/tree/lib/texinfo.tex?h\u003dv1.16.5#n23"
      ]
    },
    {
      "reference": "./u-boot-exception-2.0.json",
      "isDeprecatedLicenseId": false,
      "detailsUrl": "./u-boot-exception-2.0.html",
      "referenceNumber": 69,
      "name": "U-Boot exception 2.0",
      "licenseExceptionId": "u-boot-exception-2.0",
      "seeAlso": [
        "http://git.denx.de/?p\u003du-boot.git;a\u003dblob;f\u003dLicenses/Exceptions"
      ]
    },
    {
      "reference": "./UBDL-exception.json",
      "isDeprecatedLicenseId": false,
      "detailsUrl": "./UBDL-exception.html",
      "referenceNumber": 53,
      "name": "Unmodified Binary Distribution exception",
      "licenseExceptionId": "UBDL-exception",
      "seeAlso": [
        "https://github.com/ipxe/ipxe/blob/master/COPYING.UBDL"
      ]
    },
    {
      "reference": "./Universal-FOSS-exception-1.0.json",
      "isDeprecatedLicenseId": false,
      "detailsUrl": "./Universal-FOSS-exception-1.0.html",
      "referenceNumber": 38,
      "name": "Universal FOSS Exception, Version 1.0",
      "licenseExceptionId": "Universal-FOSS-exception-1.0",
      "seeAlso": [
        "https://oss.oracle.com/licenses/universal-foss-exception/"
      ]
    },
    {
      "reference": "./vsftpd-openssl-exception.json",
      "isDeprecatedLicenseId": false,
      "detailsUrl": "./vsftpd-openssl-exception.html",
      "referenceNumber": 33,
      "name": "vsftpd OpenSSL exception",
      "licenseExceptionId": "vsftpd-openssl-exception",
      "seeAlso": [
        "https://git.stg.centos.org/source-git/vsftpd/blob/f727873674d9c9cd7afcae6677aa782eb54c8362/f/LICENSE",
        "https://launchpad.net/debian/squeeze/+source/vsftpd/+copyright",
        "https://github.com/richardcochran/vsftpd/blob/master/COPYING"
      ]
    },
    {
      "reference": "./WxWindows-exception-3.1.json",
      "isDeprecatedLicenseId": false,
      "detailsUrl": "./WxWindows-exception-3.1.html",
      "referenceNumber": 28,
      "name": "WxWindows Library Exception 3.1",
      "licenseExceptionId": "WxWindows-exception-3.1",
      "seeAlso": [
        "http://www.opensource.org/licenses/WXwindows"
      ]
    },
    {
      "reference": "./x11vnc-openssl-exception.json",
      "isDeprecatedLicenseId": false,
      "detailsUrl": "./x11vnc-openssl-exception.html",
      "referenceNumber": 34,
      "name": "x11vnc OpenSSL Exception",
      "licenseExceptionId": "x11vnc-openssl-exception",
      "seeAlso": [
        "https://github.com/LibVNC/x11vnc/blob/master/src/8to24.c#L22"
      ]
    }
  ],
  "releaseDate": "2024-05-22"
}